satellite,cloud,openWater,sediment,GTB_accuracy,GTB_kappa
Landsat 8,1,0.7826086956521738,0.9484536082474228,0.9423076923076923,0.8997429305912596
