Band,Feature_Importance
SR_B1,15977.468584189084
SR_B2,6577.103019372671
SR_B3,4814.905637503011
SR_B4,4296.879249594861
SR_B5,3482.6942676700833
SR_B7,2753.9285719747536
