Band,Feature_Importance
SR_B2,10685.64885088815
SR_B5,3121.8708464928204
SR_B4,2844.5746121895495
SR_B3,2505.41890742741
SR_B6,1993.4923745719534
SR_B7,648.9104588281326
