Band,Feature_Importance
SR_B1,21377.131195358965
SR_B2,10257.691105788164
SR_B3,7681.288615380383
SR_B4,3735.37359322693
SR_B5,3699.5887365909834
SR_B7,2651.703533056513
