satellite,cloud,openWater,sediment,GTB_accuracy,GTB_kappa
Landsat 7,0.8592057761732852,0.8558951965065502,0.8468899521531101,0.8528138528138528,0.7740360063582942
