Band,Feature_Importance
SR_B1,21802.88908072159
SR_B2,13762.525768628366
SR_B7,6239.8749385403235
SR_B3,3904.7766719194096
SR_B4,2879.977733354244
SR_B5,2662.4585224998414
