satellite,cloud,openWater,lightNearShoreSediment,offShoreSediment,darkNearShoreSediment,GTB_accuracy,GTB_kappa
Landsat 5,0.9820788530465949,0.9358490566037736,0.7651006711409396,0.7710843373493976,0.676056338028169,0.8731182795698925,0.8342476346983411
Landsat 7,0.9876543209876544,0.9655172413793103,0.894736842105263,0.9345794392523364,0.6153846153846153,0.9325581395348838,0.9120158046990758
Landsat 8,0.9923664122137404,0.8999999999999999,0.8316831683168315,0.8771929824561403,0.8923076923076922,0.9235880398671097,0.8946591600730373
Landsat 9,0.9833333333333333,0.8648648648648648,0.7719298245614036,0.7894736842105263,0.6363636363636364,0.8589743589743589,0.8100193744810407
Sentinel 2,1.0,0.9774436090225564,0.8125,0.8936170212765957,0.606060606060606,0.9387096774193548,0.9111251942721772
