Band,Feature_Importance
SR_B2,14643.103396913908
SR_B6,3395.6127470544643
SR_B5,3273.5132376628235
SR_B4,2699.139266260013
SR_B3,2612.927276291597
SR_B7,922.7486231628105
