satellite,cloud,openWater,sediment,GTB_accuracy,GTB_kappa
Landsat 8,1,0.7887323943661972,0.9480968858131488,0.9423076923076923,0.9002557544757033
