satellite,cloud,openWater,sediment,GTB_accuracy,GTB_kappa
Landsat 5,0.9391891891891893,0.8817204301075269,0.9177215189873418,0.9172932330827067,0.8731869401906964
