Band,Feature_Importance
SR_B2,2344.0278640639085
SR_B7,2343.3450731800185
SR_B3,714.1547206507968
SR_B6,697.8956703759942
SR_B5,543.5723855116364
SR_B4,467.1840635651406
