satellite,cloud,openWater,sediment,GTB_accuracy,GTB_kappa
Sentinel 2,1,0.8828828828828829,0.9281767955801106,0.95,0.9221521028145008
