satellite,cloud,openWater,sediment,GTB_accuracy,GTB_kappa
Landsat 9,0.9887640449438202,NaN,0.9620253164556961,0.9523809523809523,0.9012925969447707
