Band,Feature_Importance
SR_B1,18812.471306527856
SR_B2,9549.443494193567
SR_B5,6868.694465861253
SR_B7,4148.460863420916
SR_B3,4078.7299725148127
SR_B4,3319.503212954148
