Band,Feature_Importance
SR_B2,2675.1332504067195
SR_B7,1973.5913909387793
SR_B3,1226.253456754587
SR_B6,781.4176513484896
SR_B5,475.3995434976706
SR_B4,282.5587996890195
