Band,Feature_Importance
SR_B2,20035.862197400995
SR_B3,3293.9311659905447
SR_B12,2152.76554448701
SR_B4,2031.7475500568055
SR_B5,1676.7103180926922
SR_B11,958.2319762831871
SR_B7,742.8803428052754
SR_B8,735.7737422974362
SR_B6,354.91550566303636
SR_B8A,236.09013653665116
